row_id,target
0-4,0.00171205
0-32,0.02203018
0-34,0.02203018
