row_id,target
0-4,0.017645549
0-32,0.017645549
0-34,0.017645549
