row_id,target
0-4,0.00185833600452377
0-32,0.00185833600452377
0-34,0.00185833600452377
